'number','vadskl','vajdkslvkald','adjvlksdlkv'
'0','Myla Lu','Rihanna Lacey','Myla Lu'
'1','Bogdan Neale','Randall Spooner','Luke Deacon'
'2','Luke Deacon','Kodi Travers','Sia Hughes'
'3','Kodi Travers','Addison Jensen','Rajveer Stewart'
'4','Randall Spooner','Kodi Travers','Kodi Travers'
'5','Rajveer Stewart','Rohit Franklin','Arwa Pearson'
'6','Kodi Travers','Inaya Portillo','Myla Lu'
'7','Luke Deacon','Nansi Whitaker','Rajveer Stewart'
'8','Marius Gay','Luke Deacon','Ebrahim Marks'
'9','Arwa Pearson','Nansi Whitaker','Inaya Portillo'
'10','Rihanna Lacey','Safia Dunn','Rohit Franklin'
'11','Myla Lu','Rajveer Stewart','Safia Dunn'
'12','Marius Gay','Rohit Franklin','Opal Duffy'
'13','Bogdan Neale','Addison Jensen','Halimah Vance'
'14','Kodi Travers','Rihanna Lacey','Rohit Franklin'
'15','Safia Dunn','Randall Spooner','Randall Spooner'
'16','Inaya Portillo','Rihanna Lacey','Inaya Portillo'
'17','Ebrahim Marks','Myla Lu','Kodi Travers'
'18','Rohit Franklin','Luke Deacon','Nuala Chester'
'19','Kodi Travers','Marius Gay','Sia Hughes'
'20','Halimah Vance','Opal Duffy','Ebrahim Marks'
'21','Inaya Portillo','Myla Lu','Ebrahim Marks'
'22','Myla Lu','Nansi Whitaker','Arwa Pearson'
'23','Halimah Vance','Luke Deacon','Myla Lu'
'24','Rajveer Stewart','Arwa Pearson','Bogdan Neale'
'25','Ebrahim Marks','Nuala Chester','Kodi Travers'
'26','Randall Spooner','Addison Jensen','Marius Gay'
'27','Kodi Travers','Nansi Whitaker','Nuala Chester'
'28','Safia Dunn','Bogdan Neale','Nansi Whitaker'
'29','Halimah Vance','Kodi Travers','Nansi Whitaker'
'30','Luke Deacon','Elize Oliver','Nuala Chester'
'31','Halimah Vance','Nansi Whitaker','Rihanna Lacey'
'32','Inaya Portillo','Nuala Chester','Marius Gay'
'33','Ebrahim Marks','Opal Duffy','Kodi Travers'
'34','Addison Jensen','Marius Gay','Ebrahim Marks'
'35','Nansi Whitaker','Marius Gay','Nansi Whitaker'
'36','Myla Lu','Kodi Travers','Addison Jensen'
'37','Kodi Travers','Myla Lu','Nansi Whitaker'
'38','Arwa Pearson','Elize Oliver','Luke Deacon'
'39','Addison Jensen','Inaya Portillo','Nuala Chester'
'40','Luke Deacon','Nuala Chester','Bogdan Neale'
'41','Safia Dunn','Myla Lu','Bogdan Neale'
'42','Rohit Franklin','Sia Hughes','Ebrahim Marks'
'43','Nuala Chester','Rajveer Stewart','Halimah Vance'
'44','Rohit Franklin','Randall Spooner','Rohit Franklin'
'45','Luke Deacon','Luke Deacon','Elize Oliver'
'46','Randall Spooner','Rohit Franklin','Nansi Whitaker'
'47','Addison Jensen','Inaya Portillo','Nuala Chester'
'48','Safia Dunn','Ebrahim Marks','Myla Lu'
'49','Halimah Vance','Safia Dunn','Nuala Chester'
'50','Halimah Vance','Ebrahim Marks','Luke Deacon'
'51','Randall Spooner','Marius Gay','Arwa Pearson'
'52','Rihanna Lacey','Safia Dunn','Marius Gay'
'53','Bogdan Neale','Luke Deacon','Safia Dunn'
'54','Sia Hughes','Opal Duffy','Safia Dunn'
'55','Halimah Vance','Nuala Chester','Nansi Whitaker'
'56','Rohit Franklin','Luke Deacon','Nuala Chester'
'57','Kodi Travers','Ebrahim Marks','Rajveer Stewart'
'58','Rajveer Stewart','Opal Duffy','Addison Jensen'
'59','Opal Duffy','Myla Lu','Nansi Whitaker'
'60','Arwa Pearson','Luke Deacon','Marius Gay'
'61','Luke Deacon','Opal Duffy','Myla Lu'
'62','Safia Dunn','Ebrahim Marks','Luke Deacon'
'63','Rohit Franklin','Inaya Portillo','Rihanna Lacey'
'64','Rihanna Lacey','Arwa Pearson','Opal Duffy'
'65','Marius Gay','Halimah Vance','Safia Dunn'
'66','Elize Oliver','Rihanna Lacey','Nuala Chester'
'67','Randall Spooner','Nuala Chester','Rajveer Stewart'
'68','Rihanna Lacey','Sia Hughes','Randall Spooner'
'69','Bogdan Neale','Elize Oliver','Rajveer Stewart'
'70','Rohit Franklin','Halimah Vance','Nansi Whitaker'
'71','Rihanna Lacey','Nuala Chester','Myla Lu'
'72','Nansi Whitaker','Elize Oliver','Randall Spooner'
'73','Sia Hughes','Randall Spooner','Addison Jensen'
'74','Halimah Vance','Halimah Vance','Myla Lu'
'75','Luke Deacon','Nansi Whitaker','Bogdan Neale'
'76','Addison Jensen','Halimah Vance','Halimah Vance'
'77','Luke Deacon','Elize Oliver','Sia Hughes'
'78','Addison Jensen','Randall Spooner','Nansi Whitaker'
'79','Nansi Whitaker','Kodi Travers','Halimah Vance'
'80','Rihanna Lacey','Addison Jensen','Elize Oliver'
'81','Halimah Vance','Safia Dunn','Marius Gay'
'82','Halimah Vance','Safia Dunn','Halimah Vance'
'83','Ebrahim Marks','Inaya Portillo','Halimah Vance'
'84','Randall Spooner','Opal Duffy','Nansi Whitaker'
'85','Rohit Franklin','Rohit Franklin','Nuala Chester'
'86','Inaya Portillo','Rihanna Lacey','Luke Deacon'
'87','Kodi Travers','Kodi Travers','Arwa Pearson'
'88','Inaya Portillo','Sia Hughes','Randall Spooner'
'89','Rohit Franklin','Rihanna Lacey','Addison Jensen'
'90','Rohit Franklin','Rihanna Lacey','Inaya Portillo'
'91','Opal Duffy','Luke Deacon','Safia Dunn'
'92','Nuala Chester','Ebrahim Marks','Sia Hughes'
'93','Sia Hughes','Safia Dunn','Sia Hughes'
'94','Sia Hughes','Opal Duffy','Kodi Travers'
'95','Rohit Franklin','Ebrahim Marks','Bogdan Neale'
'96','Ebrahim Marks','Myla Lu','Myla Lu'
'97','Kodi Travers','Luke Deacon','Luke Deacon'
'98','Nuala Chester','Bogdan Neale','Rihanna Lacey'
'99','Safia Dunn','Luke Deacon','Marius Gay'
'100','Marius Gay','Rajveer Stewart','Ebrahim Marks'
'101','Ebrahim Marks','Myla Lu','Inaya Portillo'
'102','Ebrahim Marks','Arwa Pearson','Bogdan Neale'
'103','Arwa Pearson','Nuala Chester','Nansi Whitaker'
'104','Safia Dunn','Rajveer Stewart','Sia Hughes'
'105','Inaya Portillo','Opal Duffy','Kodi Travers'
'106','Bogdan Neale','Randall Spooner','Inaya Portillo'
'107','Inaya Portillo','Addison Jensen','Nuala Chester'
'108','Randall Spooner','Rihanna Lacey','Sia Hughes'
'109','Marius Gay','Opal Duffy','Ebrahim Marks'
'110','Opal Duffy','Myla Lu','Sia Hughes'
'111','Opal Duffy','Rihanna Lacey','Rohit Franklin'
'112','Addison Jensen','Luke Deacon','Ebrahim Marks'
'113','Elize Oliver','Randall Spooner','Randall Spooner'
'114','Sia Hughes','Rohit Franklin','Bogdan Neale'
'115','Ebrahim Marks','Kodi Travers','Elize Oliver'
'116','Ebrahim Marks','Ebrahim Marks','Rihanna Lacey'
'117','Inaya Portillo','Nansi Whitaker','Safia Dunn'
'118','Marius Gay','Addison Jensen','Marius Gay'
'119','Sia Hughes','Halimah Vance','Bogdan Neale'
'120','Randall Spooner','Inaya Portillo','Opal Duffy'
'121','Halimah Vance','Nansi Whitaker','Randall Spooner'
'122','Safia Dunn','Inaya Portillo','Rohit Franklin'
'123','Nuala Chester','Addison Jensen','Luke Deacon'
'124','Rajveer Stewart','Rohit Franklin','Ebrahim Marks'
'125','Sia Hughes','Rajveer Stewart','Nansi Whitaker'
'126','Nansi Whitaker','Elize Oliver','Safia Dunn'
'127','Rihanna Lacey','Safia Dunn','Inaya Portillo'
'128','Myla Lu','Luke Deacon','Luke Deacon'
'129','Elize Oliver','Ebrahim Marks','Addison Jensen'
'130','Ebrahim Marks','Luke Deacon','Safia Dunn'
'131','Opal Duffy','Kodi Travers','Nansi Whitaker'
'132','Kodi Travers','Addison Jensen','Marius Gay'
'133','Ebrahim Marks','Rajveer Stewart','Opal Duffy'
'134','Nansi Whitaker','Nuala Chester','Sia Hughes'
'135','Ebrahim Marks','Safia Dunn','Nuala Chester'
'136','Nuala Chester','Opal Duffy','Marius Gay'
'137','Myla Lu','Nuala Chester','Rohit Franklin'
'138','Rihanna Lacey','Rihanna Lacey','Kodi Travers'
'139','Sia Hughes','Bogdan Neale','Sia Hughes'
'140','Sia Hughes','Bogdan Neale','Elize Oliver'
'141','Opal Duffy','Ebrahim Marks','Halimah Vance'
'142','Myla Lu','Opal Duffy','Marius Gay'
'143','Addison Jensen','Safia Dunn','Arwa Pearson'
'144','Elize Oliver','Arwa Pearson','Ebrahim Marks'
'145','Ebrahim Marks','Arwa Pearson','Kodi Travers'
'146','Marius Gay','Halimah Vance','Halimah Vance'
'147','Opal Duffy','Randall Spooner','Luke Deacon'
'148','Nuala Chester','Opal Duffy','Elize Oliver'
'149','Bogdan Neale','Nuala Chester','Nansi Whitaker'
'150','Rajveer Stewart','Inaya Portillo','Kodi Travers'
'151','Kodi Travers','Kodi Travers','Rohit Franklin'
'152','Sia Hughes','Rajveer Stewart','Arwa Pearson'
'153','Nuala Chester','Rihanna Lacey','Safia Dunn'
'154','Bogdan Neale','Randall Spooner','Nansi Whitaker'
'155','Marius Gay','Randall Spooner','Kodi Travers'
'156','Inaya Portillo','Elize Oliver','Luke Deacon'
'157','Inaya Portillo','Rihanna Lacey','Nansi Whitaker'
'158','Sia Hughes','Marius Gay','Myla Lu'
'159','Myla Lu','Addison Jensen','Sia Hughes'
'160','Rihanna Lacey','Inaya Portillo','Inaya Portillo'
'161','Myla Lu','Bogdan Neale','Arwa Pearson'
'162','Luke Deacon','Arwa Pearson','Safia Dunn'
'163','Halimah Vance','Ebrahim Marks','Ebrahim Marks'
'164','Myla Lu','Nansi Whitaker','Safia Dunn'
'165','Arwa Pearson','Sia Hughes','Inaya Portillo'
'166','Inaya Portillo','Sia Hughes','Rohit Franklin'
'167','Randall Spooner','Myla Lu','Elize Oliver'
'168','Sia Hughes','Marius Gay','Inaya Portillo'
'169','Marius Gay','Sia Hughes','Arwa Pearson'
'170','Opal Duffy','Safia Dunn','Rihanna Lacey'
'171','Ebrahim Marks','Opal Duffy','Rihanna Lacey'
'172','Myla Lu','Nansi Whitaker','Rajveer Stewart'
'173','Nansi Whitaker','Marius Gay','Marius Gay'
'174','Rajveer Stewart','Opal Duffy','Rihanna Lacey'
'175','Nansi Whitaker','Randall Spooner','Sia Hughes'
'176','Bogdan Neale','Luke Deacon','Elize Oliver'
'177','Safia Dunn','Bogdan Neale','Arwa Pearson'
'178','Rohit Franklin','Rihanna Lacey','Luke Deacon'
'179','Opal Duffy','Elize Oliver','Ebrahim Marks'
'180','Rohit Franklin','Inaya Portillo','Marius Gay'
'181','Inaya Portillo','Opal Duffy','Elize Oliver'
'182','Luke Deacon','Safia Dunn','Luke Deacon'
'183','Safia Dunn','Nansi Whitaker','Rajveer Stewart'
'184','Myla Lu','Arwa Pearson','Safia Dunn'
'185','Sia Hughes','Ebrahim Marks','Elize Oliver'
'186','Nuala Chester','Randall Spooner','Safia Dunn'
'187','Myla Lu','Elize Oliver','Myla Lu'
'188','Rajveer Stewart','Opal Duffy','Randall Spooner'
'189','Sia Hughes','Nansi Whitaker','Rajveer Stewart'
'190','Halimah Vance','Addison Jensen','Myla Lu'
'191','Ebrahim Marks','Randall Spooner','Rajveer Stewart'
'192','Inaya Portillo','Opal Duffy','Myla Lu'
'193','Nansi Whitaker','Elize Oliver','Bogdan Neale'
'194','Addison Jensen','Arwa Pearson','Nuala Chester'
'195','Opal Duffy','Halimah Vance','Opal Duffy'
'196','Inaya Portillo','Halimah Vance','Marius Gay'
'197','Sia Hughes','Rajveer Stewart','Elize Oliver'
'198','Rihanna Lacey','Addison Jensen','Rohit Franklin'
'199','Randall Spooner','Rohit Franklin','Rajveer Stewart'
'200','Marius Gay','Arwa Pearson','Marius Gay'
'201','Opal Duffy','Ebrahim Marks','Nansi Whitaker'
'202','Nuala Chester','Rohit Franklin','Halimah Vance'
'203','Marius Gay','Marius Gay','Arwa Pearson'
'204','Nuala Chester','Inaya Portillo','Rihanna Lacey'
'205','Sia Hughes','Luke Deacon','Opal Duffy'
'206','Safia Dunn','Rihanna Lacey','Halimah Vance'
'207','Addison Jensen','Bogdan Neale','Rihanna Lacey'
'208','Elize Oliver','Opal Duffy','Safia Dunn'
'209','Kodi Travers','Randall Spooner','Inaya Portillo'
'210','Halimah Vance','Nansi Whitaker','Bogdan Neale'
'211','Sia Hughes','Rohit Franklin','Ebrahim Marks'
'212','Randall Spooner','Rihanna Lacey','Opal Duffy'
'213','Bogdan Neale','Luke Deacon','Rajveer Stewart'
'214','Safia Dunn','Marius Gay','Inaya Portillo'
'215','Kodi Travers','Safia Dunn','Halimah Vance'
'216','Myla Lu','Nansi Whitaker','Randall Spooner'
'217','Opal Duffy','Inaya Portillo','Safia Dunn'
'218','Myla Lu','Halimah Vance','Rihanna Lacey'
'219','Opal Duffy','Rajveer Stewart','Opal Duffy'
'220','Marius Gay','Rihanna Lacey','Elize Oliver'
'221','Kodi Travers','Inaya Portillo','Arwa Pearson'
'222','Nansi Whitaker','Elize Oliver','Kodi Travers'
'223','Kodi Travers','Rihanna Lacey','Ebrahim Marks'
'224','Kodi Travers','Myla Lu','Rajveer Stewart'
'225','Rohit Franklin','Kodi Travers','Randall Spooner'
'226','Bogdan Neale','Halimah Vance','Kodi Travers'
'227','Opal Duffy','Halimah Vance','Marius Gay'
'228','Nuala Chester','Arwa Pearson','Safia Dunn'
'229','Luke Deacon','Rohit Franklin','Luke Deacon'
'230','Rihanna Lacey','Marius Gay','Myla Lu'
'231','Marius Gay','Ebrahim Marks','Marius Gay'
'232','Rohit Franklin','Myla Lu','Ebrahim Marks'
'233','Nansi Whitaker','Myla Lu','Kodi Travers'
'234','Nansi Whitaker','Opal Duffy','Kodi Travers'
'235','Sia Hughes','Rihanna Lacey','Halimah Vance'
'236','Addison Jensen','Luke Deacon','Nuala Chester'
'237','Inaya Portillo','Opal Duffy','Halimah Vance'
'238','Arwa Pearson','Randall Spooner','Elize Oliver'
'239','Opal Duffy','Sia Hughes','Opal Duffy'
'240','Opal Duffy','Nuala Chester','Ebrahim Marks'
'241','Safia Dunn','Bogdan Neale','Kodi Travers'
'242','Luke Deacon','Luke Deacon','Arwa Pearson'
'243','Safia Dunn','Kodi Travers','Luke Deacon'
'244','Rohit Franklin','Halimah Vance','Luke Deacon'
'245','Bogdan Neale','Luke Deacon','Inaya Portillo'
'246','Ebrahim Marks','Rihanna Lacey','Safia Dunn'
'247','Elize Oliver','Safia Dunn','Myla Lu'
'248','Inaya Portillo','Addison Jensen','Kodi Travers'
'249','Myla Lu','Safia Dunn','Arwa Pearson'
'250','Nansi Whitaker','Arwa Pearson','Inaya Portillo'
'251','Randall Spooner','Nuala Chester','Addison Jensen'
'252','Safia Dunn','Opal Duffy','Bogdan Neale'
'253','Rohit Franklin','Addison Jensen','Elize Oliver'
'254','Halimah Vance','Elize Oliver','Sia Hughes'
'255','Opal Duffy','Kodi Travers','Addison Jensen'
'256','Arwa Pearson','Opal Duffy','Inaya Portillo'
'257','Rohit Franklin','Rohit Franklin','Addison Jensen'
'258','Sia Hughes','Addison Jensen','Halimah Vance'
'259','Opal Duffy','Rajveer Stewart','Halimah Vance'
'260','Marius Gay','Ebrahim Marks','Rajveer Stewart'
'261','Luke Deacon','Rohit Franklin','Bogdan Neale'
'262','Randall Spooner','Elize Oliver','Inaya Portillo'
'263','Safia Dunn','Bogdan Neale','Ebrahim Marks'
'264','Rihanna Lacey','Addison Jensen','Arwa Pearson'
'265','Opal Duffy','Myla Lu','Nuala Chester'
'266','Addison Jensen','Opal Duffy','Elize Oliver'
'267','Rihanna Lacey','Randall Spooner','Opal Duffy'
'268','Arwa Pearson','Rihanna Lacey','Rajveer Stewart'
'269','Opal Duffy','Nansi Whitaker','Kodi Travers'
'270','Sia Hughes','Safia Dunn','Addison Jensen'
'271','Nuala Chester','Ebrahim Marks','Bogdan Neale'
'272','Addison Jensen','Nuala Chester','Safia Dunn'
'273','Bogdan Neale','Elize Oliver','Addison Jensen'
'274','Marius Gay','Inaya Portillo','Halimah Vance'
'275','Elize Oliver','Luke Deacon','Inaya Portillo'
'276','Ebrahim Marks','Rohit Franklin','Opal Duffy'
'277','Bogdan Neale','Halimah Vance','Myla Lu'
'278','Bogdan Neale','Kodi Travers','Bogdan Neale'
'279','Marius Gay','Randall Spooner','Marius Gay'
'280','Inaya Portillo','Safia Dunn','Nuala Chester'
'281','Kodi Travers','Marius Gay','Luke Deacon'
'282','Sia Hughes','Luke Deacon','Sia Hughes'
'283','Nuala Chester','Rohit Franklin','Nansi Whitaker'
'284','Marius Gay','Opal Duffy','Rohit Franklin'
'285','Ebrahim Marks','Inaya Portillo','Inaya Portillo'
'286','Arwa Pearson','Luke Deacon','Kodi Travers'
'287','Rihanna Lacey','Bogdan Neale','Rohit Franklin'
'288','Safia Dunn','Rohit Franklin','Randall Spooner'
'289','Addison Jensen','Rajveer Stewart','Marius Gay'
'290','Kodi Travers','Myla Lu','Sia Hughes'
'291','Rohit Franklin','Luke Deacon','Halimah Vance'
'292','Rajveer Stewart','Inaya Portillo','Ebrahim Marks'
'293','Randall Spooner','Nuala Chester','Myla Lu'
'294','Nansi Whitaker','Marius Gay','Luke Deacon'
'295','Halimah Vance','Kodi Travers','Rohit Franklin'
'296','Nansi Whitaker','Opal Duffy','Sia Hughes'
'297','Randall Spooner','Bogdan Neale','Rohit Franklin'
'298','Arwa Pearson','Safia Dunn','Opal Duffy'
'299','Rihanna Lacey','Rohit Franklin','Bogdan Neale'
'300','Nuala Chester','Safia Dunn','Marius Gay'
'301','Elize Oliver','Kodi Travers','Nuala Chester'
'302','Opal Duffy','Addison Jensen','Myla Lu'
'303','Nuala Chester','Safia Dunn','Rajveer Stewart'
'304','Luke Deacon','Safia Dunn','Arwa Pearson'
'305','Inaya Portillo','Myla Lu','Opal Duffy'
'306','Sia Hughes','Nansi Whitaker','Elize Oliver'
'307','Addison Jensen','Halimah Vance','Kodi Travers'
'308','Arwa Pearson','Opal Duffy','Rihanna Lacey'
'309','Kodi Travers','Nuala Chester','Rohit Franklin'
'310','Halimah Vance','Myla Lu','Halimah Vance'
'311','Safia Dunn','Nuala Chester','Marius Gay'
'312','Inaya Portillo','Luke Deacon','Sia Hughes'
'313','Nansi Whitaker','Myla Lu','Rajveer Stewart'
'314','Halimah Vance','Sia Hughes','Rajveer Stewart'
'315','Rohit Franklin','Randall Spooner','Rajveer Stewart'
'316','Marius Gay','Inaya Portillo','Nuala Chester'
'317','Rajveer Stewart','Opal Duffy','Sia Hughes'
'318','Marius Gay','Safia Dunn','Addison Jensen'
'319','Addison Jensen','Nuala Chester','Arwa Pearson'
'320','Sia Hughes','Elize Oliver','Luke Deacon'
'321','Rajveer Stewart','Ebrahim Marks','Nuala Chester'
'322','Rohit Franklin','Safia Dunn','Rajveer Stewart'
'323','Rihanna Lacey','Myla Lu','Elize Oliver'
'324','Marius Gay','Halimah Vance','Ebrahim Marks'
'325','Randall Spooner','Luke Deacon','Nuala Chester'
'326','Ebrahim Marks','Nuala Chester','Bogdan Neale'
'327','Marius Gay','Bogdan Neale','Rihanna Lacey'
'328','Luke Deacon','Kodi Travers','Addison Jensen'
'329','Myla Lu','Rihanna Lacey','Rihanna Lacey'
'330','Nansi Whitaker','Inaya Portillo','Rihanna Lacey'
'331','Opal Duffy','Rajveer Stewart','Rajveer Stewart'
'332','Sia Hughes','Luke Deacon','Bogdan Neale'
'333','Luke Deacon','Ebrahim Marks','Nansi Whitaker'
'334','Elize Oliver','Nuala Chester','Bogdan Neale'
'335','Luke Deacon','Safia Dunn','Addison Jensen'
'336','Sia Hughes','Bogdan Neale','Rihanna Lacey'
'337','Bogdan Neale','Safia Dunn','Inaya Portillo'
'338','Rohit Franklin','Halimah Vance','Arwa Pearson'
'339','Myla Lu','Arwa Pearson','Arwa Pearson'
'340','Bogdan Neale','Kodi Travers','Inaya Portillo'
'341','Addison Jensen','Sia Hughes','Opal Duffy'
'342','Rajveer Stewart','Rihanna Lacey','Rihanna Lacey'
'343','Arwa Pearson','Kodi Travers','Inaya Portillo'
'344','Addison Jensen','Safia Dunn','Marius Gay'
'345','Luke Deacon','Rajveer Stewart','Bogdan Neale'
'346','Ebrahim Marks','Randall Spooner','Halimah Vance'
'347','Rohit Franklin','Safia Dunn','Nansi Whitaker'
'348','Safia Dunn','Rajveer Stewart','Ebrahim Marks'
'349','Myla Lu','Rohit Franklin','Elize Oliver'
'350','Marius Gay','Rihanna Lacey','Sia Hughes'
'351','Rihanna Lacey','Elize Oliver','Arwa Pearson'
'352','Opal Duffy','Opal Duffy','Safia Dunn'
'353','Addison Jensen','Rajveer Stewart','Elize Oliver'
'354','Opal Duffy','Myla Lu','Halimah Vance'
'355','Addison Jensen','Bogdan Neale','Kodi Travers'
'356','Marius Gay','Inaya Portillo','Arwa Pearson'
'357','Rohit Franklin','Bogdan Neale','Randall Spooner'
'358','Marius Gay','Addison Jensen','Rohit Franklin'
'359','Nansi Whitaker','Halimah Vance','Halimah Vance'
'360','Elize Oliver','Arwa Pearson','Opal Duffy'
'361','Rohit Franklin','Halimah Vance','Opal Duffy'
'362','Arwa Pearson','Marius Gay','Nuala Chester'
'363','Inaya Portillo','Bogdan Neale','Rajveer Stewart'
'364','Kodi Travers','Rihanna Lacey','Elize Oliver'
'365','Bogdan Neale','Kodi Travers','Rohit Franklin'
'366','Arwa Pearson','Halimah Vance','Halimah Vance'
'367','Elize Oliver','Kodi Travers','Safia Dunn'
'368','Bogdan Neale','Randall Spooner','Arwa Pearson'
'369','Halimah Vance','Elize Oliver','Bogdan Neale'
'370','Sia Hughes','Kodi Travers','Halimah Vance'
'371','Bogdan Neale','Marius Gay','Bogdan Neale'
'372','Marius Gay','Rajveer Stewart','Randall Spooner'
'373','Sia Hughes','Nansi Whitaker','Elize Oliver'
'374','Sia Hughes','Safia Dunn','Randall Spooner'
'375','Rajveer Stewart','Rohit Franklin','Myla Lu'
'376','Sia Hughes','Inaya Portillo','Addison Jensen'
'377','Nuala Chester','Marius Gay','Rohit Franklin'
'378','Inaya Portillo','Addison Jensen','Luke Deacon'
'379','Rihanna Lacey','Sia Hughes','Marius Gay'
'380','Safia Dunn','Safia Dunn','Rajveer Stewart'
'381','Ebrahim Marks','Inaya Portillo','Halimah Vance'
'382','Ebrahim Marks','Inaya Portillo','Myla Lu'
'383','Kodi Travers','Arwa Pearson','Bogdan Neale'
'384','Rihanna Lacey','Nansi Whitaker','Nuala Chester'
'385','Nansi Whitaker','Opal Duffy','Rihanna Lacey'
'386','Halimah Vance','Inaya Portillo','Rohit Franklin'
'387','Opal Duffy','Elize Oliver','Halimah Vance'
'388','Arwa Pearson','Kodi Travers','Rihanna Lacey'
'389','Rohit Franklin','Opal Duffy','Myla Lu'
'390','Rajveer Stewart','Nuala Chester','Kodi Travers'
'391','Rihanna Lacey','Kodi Travers','Myla Lu'
'392','Arwa Pearson','Kodi Travers','Inaya Portillo'
'393','Nuala Chester','Rihanna Lacey','Elize Oliver'
'394','Opal Duffy','Kodi Travers','Arwa Pearson'
'395','Marius Gay','Addison Jensen','Rohit Franklin'
'396','Nansi Whitaker','Nuala Chester','Inaya Portillo'
'397','Kodi Travers','Halimah Vance','Halimah Vance'
'398','Rihanna Lacey','Nuala Chester','Opal Duffy'
'399','Inaya Portillo','Rajveer Stewart','Elize Oliver'
'400','Kodi Travers','Myla Lu','Rohit Franklin'
'401','Luke Deacon','Randall Spooner','Randall Spooner'
'402','Nuala Chester','Rajveer Stewart','Randall Spooner'
'403','Randall Spooner','Nuala Chester','Nansi Whitaker'
'404','Halimah Vance','Ebrahim Marks','Sia Hughes'
'405','Nansi Whitaker','Randall Spooner','Myla Lu'
'406','Sia Hughes','Rihanna Lacey','Bogdan Neale'
'407','Halimah Vance','Nansi Whitaker','Myla Lu'
'408','Rihanna Lacey','Sia Hughes','Rihanna Lacey'
'409','Opal Duffy','Ebrahim Marks','Safia Dunn'
'410','Safia Dunn','Marius Gay','Opal Duffy'
'411','Randall Spooner','Luke Deacon','Rihanna Lacey'
'412','Randall Spooner','Nuala Chester','Arwa Pearson'
'413','Sia Hughes','Sia Hughes','Addison Jensen'
'414','Opal Duffy','Rohit Franklin','Kodi Travers'
'415','Addison Jensen','Ebrahim Marks','Safia Dunn'
'416','Bogdan Neale','Elize Oliver','Myla Lu'
'417','Randall Spooner','Luke Deacon','Bogdan Neale'
'418','Opal Duffy','Nuala Chester','Rohit Franklin'
'419','Addison Jensen','Nansi Whitaker','Ebrahim Marks'
'420','Rohit Franklin','Myla Lu','Randall Spooner'
'421','Luke Deacon','Elize Oliver','Nuala Chester'
'422','Myla Lu','Rajveer Stewart','Rohit Franklin'
'423','Myla Lu','Bogdan Neale','Bogdan Neale'
'424','Kodi Travers','Rihanna Lacey','Kodi Travers'
'425','Nansi Whitaker','Arwa Pearson','Bogdan Neale'
'426','Rohit Franklin','Safia Dunn','Kodi Travers'
'427','Rohit Franklin','Safia Dunn','Halimah Vance'
'428','Sia Hughes','Ebrahim Marks','Ebrahim Marks'
'429','Randall Spooner','Halimah Vance','Nuala Chester'
'430','Bogdan Neale','Marius Gay','Halimah Vance'
'431','Sia Hughes','Rajveer Stewart','Luke Deacon'
'432','Ebrahim Marks','Kodi Travers','Halimah Vance'
'433','Rihanna Lacey','Rajveer Stewart','Elize Oliver'
'434','Opal Duffy','Kodi Travers','Marius Gay'
'435','Rihanna Lacey','Marius Gay','Addison Jensen'
'436','Randall Spooner','Arwa Pearson','Myla Lu'
'437','Nansi Whitaker','Inaya Portillo','Nuala Chester'
'438','Rohit Franklin','Arwa Pearson','Inaya Portillo'
'439','Nansi Whitaker','Opal Duffy','Randall Spooner'
'440','Randall Spooner','Marius Gay','Nuala Chester'
'441','Luke Deacon','Inaya Portillo','Halimah Vance'
'442','Marius Gay','Halimah Vance','Halimah Vance'
'443','Nuala Chester','Bogdan Neale','Rohit Franklin'
'444','Arwa Pearson','Halimah Vance','Arwa Pearson'
'445','Luke Deacon','Rohit Franklin','Nuala Chester'
'446','Rohit Franklin','Rajveer Stewart','Sia Hughes'
'447','Kodi Travers','Nuala Chester','Safia Dunn'
'448','Randall Spooner','Myla Lu','Randall Spooner'
'449','Rihanna Lacey','Safia Dunn','Arwa Pearson'
'450','Ebrahim Marks','Marius Gay','Inaya Portillo'
'451','Marius Gay','Rihanna Lacey','Arwa Pearson'
'452','Nuala Chester','Randall Spooner','Inaya Portillo'
'453','Rajveer Stewart','Sia Hughes','Rajveer Stewart'
'454','Bogdan Neale','Ebrahim Marks','Ebrahim Marks'
'455','Sia Hughes','Bogdan Neale','Nuala Chester'
'456','Addison Jensen','Nansi Whitaker','Nansi Whitaker'
'457','Safia Dunn','Arwa Pearson','Halimah Vance'
'458','Sia Hughes','Arwa Pearson','Rohit Franklin'
'459','Nansi Whitaker','Kodi Travers','Myla Lu'
'460','Opal Duffy','Kodi Travers','Rihanna Lacey'
'461','Rohit Franklin','Marius Gay','Sia Hughes'
'462','Nansi Whitaker','Bogdan Neale','Arwa Pearson'
'463','Safia Dunn','Elize Oliver','Ebrahim Marks'
'464','Rajveer Stewart','Opal Duffy','Elize Oliver'
'465','Arwa Pearson','Marius Gay','Addison Jensen'
'466','Luke Deacon','Myla Lu','Myla Lu'
'467','Rajveer Stewart','Bogdan Neale','Sia Hughes'
'468','Arwa Pearson','Rajveer Stewart','Myla Lu'
'469','Marius Gay','Rajveer Stewart','Luke Deacon'
'470','Ebrahim Marks','Nansi Whitaker','Ebrahim Marks'
'471','Nuala Chester','Myla Lu','Randall Spooner'
'472','Nansi Whitaker','Rihanna Lacey','Nuala Chester'
'473','Luke Deacon','Inaya Portillo','Myla Lu'
'474','Halimah Vance','Opal Duffy','Kodi Travers'
'475','Rajveer Stewart','Elize Oliver','Arwa Pearson'
'476','Luke Deacon','Opal Duffy','Marius Gay'
'477','Myla Lu','Inaya Portillo','Nuala Chester'
'478','Ebrahim Marks','Kodi Travers','Kodi Travers'
'479','Bogdan Neale','Marius Gay','Opal Duffy'
'480','Marius Gay','Kodi Travers','Inaya Portillo'
'481','Bogdan Neale','Luke Deacon','Rajveer Stewart'
'482','Nuala Chester','Nansi Whitaker','Nansi Whitaker'
'483','Inaya Portillo','Myla Lu','Rajveer Stewart'
'484','Opal Duffy','Bogdan Neale','Kodi Travers'
'485','Rajveer Stewart','Ebrahim Marks','Nuala Chester'
'486','Marius Gay','Luke Deacon','Rohit Franklin'
'487','Ebrahim Marks','Rohit Franklin','Marius Gay'
'488','Rajveer Stewart','Inaya Portillo','Sia Hughes'
'489','Luke Deacon','Bogdan Neale','Arwa Pearson'
'490','Marius Gay','Sia Hughes','Nansi Whitaker'
'491','Marius Gay','Rajveer Stewart','Ebrahim Marks'
'492','Safia Dunn','Luke Deacon','Rohit Franklin'
'493','Rajveer Stewart','Arwa Pearson','Rihanna Lacey'
'494','Nuala Chester','Arwa Pearson','Randall Spooner'
'495','Nuala Chester','Rohit Franklin','Inaya Portillo'
'496','Ebrahim Marks','Addison Jensen','Randall Spooner'
'497','Halimah Vance','Halimah Vance','Safia Dunn'
'498','Randall Spooner','Opal Duffy','Elize Oliver'
'499','Inaya Portillo','Rajveer Stewart','Marius Gay'
'500','Inaya Portillo','Rajveer Stewart','Addison Jensen'
'501','Nuala Chester','Rohit Franklin','Addison Jensen'
'502','Marius Gay','Randall Spooner','Arwa Pearson'
'503','Randall Spooner','Rajveer Stewart','Nansi Whitaker'
'504','Nansi Whitaker','Rajveer Stewart','Arwa Pearson'
'505','Rohit Franklin','Addison Jensen','Elize Oliver'
'506','Kodi Travers','Elize Oliver','Opal Duffy'
'507','Inaya Portillo','Arwa Pearson','Kodi Travers'
'508','Nuala Chester','Kodi Travers','Bogdan Neale'
'509','Nuala Chester','Nansi Whitaker','Luke Deacon'
'510','Nansi Whitaker','Luke Deacon','Inaya Portillo'
'511','Bogdan Neale','Luke Deacon','Rihanna Lacey'
'512','Randall Spooner','Luke Deacon','Sia Hughes'
'513','Opal Duffy','Elize Oliver','Rihanna Lacey'
'514','Halimah Vance','Nuala Chester','Rajveer Stewart'
'515','Arwa Pearson','Opal Duffy','Opal Duffy'
'516','Ebrahim Marks','Bogdan Neale','Addison Jensen'
'517','Nansi Whitaker','Nuala Chester','Myla Lu'
'518','Safia Dunn','Opal Duffy','Randall Spooner'
'519','Opal Duffy','Arwa Pearson','Nansi Whitaker'
'520','Bogdan Neale','Inaya Portillo','Nansi Whitaker'
'521','Randall Spooner','Arwa Pearson','Bogdan Neale'
'522','Elize Oliver','Halimah Vance','Rajveer Stewart'
'523','Elize Oliver','Kodi Travers','Myla Lu'
'524','Luke Deacon','Randall Spooner','Myla Lu'
'525','Sia Hughes','Randall Spooner','Inaya Portillo'
'526','Arwa Pearson','Addison Jensen','Sia Hughes'
'527','Elize Oliver','Addison Jensen','Luke Deacon'
'528','Bogdan Neale','Ebrahim Marks','Rajveer Stewart'
'529','Nansi Whitaker','Luke Deacon','Sia Hughes'
'530','Luke Deacon','Rihanna Lacey','Rihanna Lacey'
'531','Addison Jensen','Halimah Vance','Marius Gay'
'532','Marius Gay','Randall Spooner','Rihanna Lacey'
'533','Sia Hughes','Rajveer Stewart','Arwa Pearson'
'534','Rohit Franklin','Luke Deacon','Arwa Pearson'
'535','Randall Spooner','Marius Gay','Rajveer Stewart'
'536','Ebrahim Marks','Addison Jensen','Addison Jensen'
'537','Safia Dunn','Nuala Chester','Nuala Chester'
'538','Safia Dunn','Opal Duffy','Myla Lu'
'539','Rihanna Lacey','Luke Deacon','Kodi Travers'
'540','Luke Deacon','Ebrahim Marks','Luke Deacon'
'541','Randall Spooner','Marius Gay','Halimah Vance'
'542','Myla Lu','Nuala Chester','Opal Duffy'
'543','Sia Hughes','Addison Jensen','Bogdan Neale'
'544','Addison Jensen','Safia Dunn','Myla Lu'
'545','Myla Lu','Halimah Vance','Randall Spooner'
'546','Rohit Franklin','Sia Hughes','Elize Oliver'
'547','Rihanna Lacey','Kodi Travers','Nansi Whitaker'
'548','Bogdan Neale','Addison Jensen','Opal Duffy'
'549','Nansi Whitaker','Rajveer Stewart','Rohit Franklin'
'550','Rajveer Stewart','Luke Deacon','Rajveer Stewart'
'551','Rihanna Lacey','Myla Lu','Safia Dunn'
'552','Rajveer Stewart','Rihanna Lacey','Ebrahim Marks'
'553','Nuala Chester','Addison Jensen','Sia Hughes'
'554','Randall Spooner','Opal Duffy','Nuala Chester'
'555','Inaya Portillo','Nuala Chester','Bogdan Neale'
'556','Nansi Whitaker','Sia Hughes','Halimah Vance'
'557','Marius Gay','Opal Duffy','Kodi Travers'
'558','Ebrahim Marks','Kodi Travers','Halimah Vance'
'559','Randall Spooner','Halimah Vance','Elize Oliver'
'560','Halimah Vance','Safia Dunn','Elize Oliver'
'561','Halimah Vance','Randall Spooner','Opal Duffy'
'562','Safia Dunn','Nuala Chester','Marius Gay'
'563','Luke Deacon','Ebrahim Marks','Sia Hughes'
'564','Myla Lu','Bogdan Neale','Randall Spooner'
'565','Addison Jensen','Rajveer Stewart','Ebrahim Marks'
'566','Elize Oliver','Halimah Vance','Safia Dunn'
'567','Elize Oliver','Addison Jensen','Arwa Pearson'
'568','Addison Jensen','Inaya Portillo','Safia Dunn'
'569','Rohit Franklin','Rihanna Lacey','Halimah Vance'
'570','Bogdan Neale','Nuala Chester','Rihanna Lacey'
'571','Rajveer Stewart','Randall Spooner','Ebrahim Marks'
'572','Arwa Pearson','Nansi Whitaker','Nuala Chester'
'573','Opal Duffy','Bogdan Neale','Rihanna Lacey'
'574','Rajveer Stewart','Addison Jensen','Elize Oliver'
'575','Bogdan Neale','Elize Oliver','Rohit Franklin'
'576','Nansi Whitaker','Opal Duffy','Addison Jensen'
'577','Nansi Whitaker','Marius Gay','Bogdan Neale'
'578','Elize Oliver','Rohit Franklin','Addison Jensen'
'579','Addison Jensen','Rajveer Stewart','Nansi Whitaker'
'580','Randall Spooner','Luke Deacon','Ebrahim Marks'
'581','Rohit Franklin','Randall Spooner','Rajveer Stewart'
'582','Inaya Portillo','Luke Deacon','Nuala Chester'
'583','Arwa Pearson','Arwa Pearson','Ebrahim Marks'
'584','Bogdan Neale','Halimah Vance','Myla Lu'
'585','Rihanna Lacey','Opal Duffy','Nansi Whitaker'
'586','Kodi Travers','Safia Dunn','Addison Jensen'
'587','Elize Oliver','Halimah Vance','Luke Deacon'
'588','Addison Jensen','Inaya Portillo','Marius Gay'
'589','Nansi Whitaker','Addison Jensen','Nuala Chester'
'590','Rajveer Stewart','Nansi Whitaker','Randall Spooner'
'591','Opal Duffy','Opal Duffy','Inaya Portillo'
'592','Nansi Whitaker','Rohit Franklin','Bogdan Neale'
'593','Luke Deacon','Rihanna Lacey','Elize Oliver'
'594','Sia Hughes','Rajveer Stewart','Randall Spooner'
'595','Randall Spooner','Addison Jensen','Nuala Chester'
'596','Halimah Vance','Randall Spooner','Kodi Travers'
'597','Safia Dunn','Marius Gay','Inaya Portillo'
'598','Elize Oliver','Randall Spooner','Randall Spooner'
'599','Rajveer Stewart','Marius Gay','Nuala Chester'
'600','Addison Jensen','Rohit Franklin','Nansi Whitaker'
'601','Ebrahim Marks','Nuala Chester','Arwa Pearson'
'602','Nuala Chester','Addison Jensen','Luke Deacon'
'603','Arwa Pearson','Arwa Pearson','Nuala Chester'
'604','Luke Deacon','Inaya Portillo','Rohit Franklin'
'605','Addison Jensen','Randall Spooner','Randall Spooner'
'606','Sia Hughes','Elize Oliver','Arwa Pearson'
'607','Rohit Franklin','Rohit Franklin','Nansi Whitaker'
'608','Randall Spooner','Elize Oliver','Marius Gay'
'609','Rihanna Lacey','Opal Duffy','Randall Spooner'
'610','Rohit Franklin','Nansi Whitaker','Halimah Vance'
'611','Halimah Vance','Opal Duffy','Sia Hughes'
'612','Rajveer Stewart','Inaya Portillo','Arwa Pearson'
'613','Marius Gay','Rohit Franklin','Ebrahim Marks'
'614','Nuala Chester','Kodi Travers','Ebrahim Marks'
'615','Bogdan Neale','Elize Oliver','Marius Gay'
'616','Nuala Chester','Safia Dunn','Nuala Chester'
'617','Bogdan Neale','Ebrahim Marks','Nansi Whitaker'
'618','Rihanna Lacey','Ebrahim Marks','Rajveer Stewart'
'619','Rajveer Stewart','Elize Oliver','Nansi Whitaker'
'620','Addison Jensen','Rihanna Lacey','Addison Jensen'
'621','Sia Hughes','Opal Duffy','Addison Jensen'
'622','Nansi Whitaker','Sia Hughes','Rohit Franklin'
'623','Marius Gay','Rohit Franklin','Ebrahim Marks'
'624','Ebrahim Marks','Ebrahim Marks','Halimah Vance'
'625','Inaya Portillo','Luke Deacon','Rohit Franklin'
'626','Rohit Franklin','Inaya Portillo','Sia Hughes'
'627','Luke Deacon','Randall Spooner','Elize Oliver'
'628','Opal Duffy','Bogdan Neale','Nansi Whitaker'
'629','Rohit Franklin','Rihanna Lacey','Randall Spooner'
'630','Sia Hughes','Safia Dunn','Rajveer Stewart'
'631','Kodi Travers','Rihanna Lacey','Addison Jensen'
'632','Myla Lu','Nuala Chester','Luke Deacon'
'633','Nansi Whitaker','Rajveer Stewart','Ebrahim Marks'
'634','Myla Lu','Elize Oliver','Myla Lu'
'635','Arwa Pearson','Elize Oliver','Bogdan Neale'
'636','Ebrahim Marks','Inaya Portillo','Randall Spooner'
'637','Nuala Chester','Kodi Travers','Rajveer Stewart'
'638','Nuala Chester','Luke Deacon','Elize Oliver'
'639','Nuala Chester','Bogdan Neale','Elize Oliver'
'640','Marius Gay','Addison Jensen','Rohit Franklin'
'641','Opal Duffy','Ebrahim Marks','Ebrahim Marks'
'642','Addison Jensen','Inaya Portillo','Halimah Vance'
'643','Nansi Whitaker','Ebrahim Marks','Arwa Pearson'
'644','Kodi Travers','Nuala Chester','Opal Duffy'
'645','Ebrahim Marks','Randall Spooner','Inaya Portillo'
'646','Sia Hughes','Marius Gay','Rohit Franklin'
'647','Kodi Travers','Opal Duffy','Sia Hughes'
'648','Opal Duffy','Rohit Franklin','Addison Jensen'
'649','Opal Duffy','Rohit Franklin','Elize Oliver'
'650','Rihanna Lacey','Rihanna Lacey','Elize Oliver'
'651','Randall Spooner','Bogdan Neale','Myla Lu'
'652','Myla Lu','Safia Dunn','Elize Oliver'
'653','Arwa Pearson','Arwa Pearson','Kodi Travers'
'654','Inaya Portillo','Nuala Chester','Bogdan Neale'
'655','Elize Oliver','Ebrahim Marks','Randall Spooner'
'656','Halimah Vance','Addison Jensen','Nansi Whitaker'
'657','Rihanna Lacey','Nuala Chester','Marius Gay'
'658','Elize Oliver','Rihanna Lacey','Marius Gay'
'659','Nansi Whitaker','Kodi Travers','Luke Deacon'
'660','Bogdan Neale','Myla Lu','Inaya Portillo'
'661','Arwa Pearson','Bogdan Neale','Marius Gay'
'662','Safia Dunn','Safia Dunn','Addison Jensen'
'663','Rohit Franklin','Nuala Chester','Nansi Whitaker'
'664','Arwa Pearson','Halimah Vance','Myla Lu'
'665','Kodi Travers','Addison Jensen','Sia Hughes'
'666','Rihanna Lacey','Rajveer Stewart','Rihanna Lacey'
'667','Myla Lu','Myla Lu','Luke Deacon'
'668','Ebrahim Marks','Nansi Whitaker','Opal Duffy'
'669','Rohit Franklin','Randall Spooner','Ebrahim Marks'
'670','Nuala Chester','Addison Jensen','Myla Lu'
'671','Opal Duffy','Randall Spooner','Bogdan Neale'
'672','Rohit Franklin','Rohit Franklin','Kodi Travers'
'673','Rihanna Lacey','Opal Duffy','Rihanna Lacey'
'674','Addison Jensen','Rihanna Lacey','Nansi Whitaker'
'675','Ebrahim Marks','Addison Jensen','Halimah Vance'
'676','Opal Duffy','Halimah Vance','Sia Hughes'
'677','Safia Dunn','Safia Dunn','Elize Oliver'
'678','Myla Lu','Rohit Franklin','Nuala Chester'
'679','Luke Deacon','Nuala Chester','Nuala Chester'
'680','Elize Oliver','Opal Duffy','Safia Dunn'
'681','Safia Dunn','Inaya Portillo','Addison Jensen'
'682','Nuala Chester','Bogdan Neale','Arwa Pearson'
'683','Marius Gay','Luke Deacon','Ebrahim Marks'
'684','Kodi Travers','Rohit Franklin','Arwa Pearson'
'685','Halimah Vance','Marius Gay','Luke Deacon'
'686','Marius Gay','Opal Duffy','Opal Duffy'
'687','Bogdan Neale','Arwa Pearson','Randall Spooner'
'688','Sia Hughes','Rohit Franklin','Opal Duffy'
'689','Marius Gay','Marius Gay','Nuala Chester'
'690','Kodi Travers','Marius Gay','Inaya Portillo'
'691','Marius Gay','Safia Dunn','Halimah Vance'
'692','Arwa Pearson','Sia Hughes','Kodi Travers'
'693','Marius Gay','Sia Hughes','Arwa Pearson'
'694','Bogdan Neale','Myla Lu','Sia Hughes'
'695','Inaya Portillo','Arwa Pearson','Luke Deacon'
'696','Arwa Pearson','Sia Hughes','Nuala Chester'
'697','Marius Gay','Ebrahim Marks','Myla Lu'
'698','Marius Gay','Luke Deacon','Rihanna Lacey'
'699','Marius Gay','Ebrahim Marks','Arwa Pearson'
'700','Nansi Whitaker','Arwa Pearson','Bogdan Neale'
'701','Marius Gay','Opal Duffy','Elize Oliver'
'702','Bogdan Neale','Nuala Chester','Bogdan Neale'
'703','Luke Deacon','Luke Deacon','Bogdan Neale'
'704','Elize Oliver','Nuala Chester','Nansi Whitaker'
'705','Bogdan Neale','Opal Duffy','Ebrahim Marks'
'706','Addison Jensen','Rohit Franklin','Rohit Franklin'
'707','Ebrahim Marks','Ebrahim Marks','Marius Gay'
'708','Inaya Portillo','Rihanna Lacey','Sia Hughes'
'709','Inaya Portillo','Myla Lu','Inaya Portillo'
'710','Rohit Franklin','Rohit Franklin','Safia Dunn'
'711','Safia Dunn','Kodi Travers','Kodi Travers'
'712','Opal Duffy','Arwa Pearson','Myla Lu'
'713','Ebrahim Marks','Halimah Vance','Randall Spooner'
'714','Sia Hughes','Rihanna Lacey','Safia Dunn'
'715','Rajveer Stewart','Ebrahim Marks','Rohit Franklin'
'716','Halimah Vance','Rohit Franklin','Safia Dunn'
'717','Elize Oliver','Randall Spooner','Inaya Portillo'
'718','Inaya Portillo','Arwa Pearson','Inaya Portillo'
'719','Ebrahim Marks','Randall Spooner','Sia Hughes'
'720','Addison Jensen','Luke Deacon','Nansi Whitaker'
'721','Rihanna Lacey','Inaya Portillo','Bogdan Neale'
'722','Opal Duffy','Nansi Whitaker','Marius Gay'
'723','Randall Spooner','Luke Deacon','Rajveer Stewart'
'724','Myla Lu','Nuala Chester','Ebrahim Marks'
'725','Safia Dunn','Luke Deacon','Nuala Chester'
'726','Myla Lu','Nansi Whitaker','Rajveer Stewart'
'727','Luke Deacon','Ebrahim Marks','Halimah Vance'
'728','Ebrahim Marks','Rohit Franklin','Opal Duffy'
'729','Opal Duffy','Rihanna Lacey','Randall Spooner'
'730','Opal Duffy','Inaya Portillo','Safia Dunn'
'731','Ebrahim Marks','Elize Oliver','Arwa Pearson'
'732','Myla Lu','Inaya Portillo','Elize Oliver'
'733','Safia Dunn','Rohit Franklin','Safia Dunn'
'734','Nuala Chester','Ebrahim Marks','Addison Jensen'
'735','Safia Dunn','Marius Gay','Halimah Vance'
'736','Opal Duffy','Safia Dunn','Elize Oliver'
'737','Kodi Travers','Marius Gay','Myla Lu'
'738','Inaya Portillo','Marius Gay','Inaya Portillo'
'739','Halimah Vance','Rajveer Stewart','Addison Jensen'
'740','Safia Dunn','Inaya Portillo','Marius Gay'
'741','Inaya Portillo','Sia Hughes','Bogdan Neale'
'742','Addison Jensen','Sia Hughes','Halimah Vance'
'743','Rajveer Stewart','Safia Dunn','Elize Oliver'
'744','Nuala Chester','Arwa Pearson','Opal Duffy'
'745','Myla Lu','Luke Deacon','Nansi Whitaker'
'746','Rihanna Lacey','Addison Jensen','Arwa Pearson'
'747','Safia Dunn','Luke Deacon','Rohit Franklin'
'748','Elize Oliver','Rihanna Lacey','Ebrahim Marks'
'749','Halimah Vance','Sia Hughes','Halimah Vance'
'750','Nuala Chester','Elize Oliver','Rohit Franklin'
'751','Safia Dunn','Nuala Chester','Rihanna Lacey'
'752','Inaya Portillo','Nansi Whitaker','Addison Jensen'
'753','Marius Gay','Marius Gay','Sia Hughes'
'754','Ebrahim Marks','Randall Spooner','Sia Hughes'
'755','Ebrahim Marks','Opal Duffy','Rohit Franklin'
'756','Bogdan Neale','Rihanna Lacey','Rohit Franklin'
'757','Kodi Travers','Nansi Whitaker','Luke Deacon'
'758','Nansi Whitaker','Ebrahim Marks','Kodi Travers'
'759','Halimah Vance','Ebrahim Marks','Nuala Chester'
'760','Inaya Portillo','Halimah Vance','Bogdan Neale'
'761','Marius Gay','Opal Duffy','Safia Dunn'
'762','Rihanna Lacey','Myla Lu','Sia Hughes'
'763','Randall Spooner','Safia Dunn','Rihanna Lacey'
'764','Kodi Travers','Rohit Franklin','Luke Deacon'
'765','Bogdan Neale','Sia Hughes','Inaya Portillo'
'766','Safia Dunn','Arwa Pearson','Halimah Vance'
'767','Marius Gay','Safia Dunn','Inaya Portillo'
'768','Arwa Pearson','Myla Lu','Nansi Whitaker'
'769','Opal Duffy','Bogdan Neale','Marius Gay'
'770','Safia Dunn','Bogdan Neale','Rajveer Stewart'
'771','Kodi Travers','Safia Dunn','Addison Jensen'
'772','Rajveer Stewart','Opal Duffy','Nansi Whitaker'
'773','Opal Duffy','Safia Dunn','Elize Oliver'
'774','Halimah Vance','Luke Deacon','Rajveer Stewart'
'775','Randall Spooner','Addison Jensen','Addison Jensen'
'776','Bogdan Neale','Sia Hughes','Addison Jensen'
'777','Rohit Franklin','Randall Spooner','Nuala Chester'
'778','Bogdan Neale','Opal Duffy','Rihanna Lacey'
'779','Halimah Vance','Elize Oliver','Kodi Travers'
'780','Rihanna Lacey','Sia Hughes','Nuala Chester'
'781','Inaya Portillo','Nansi Whitaker','Rajveer Stewart'
'782','Elize Oliver','Luke Deacon','Ebrahim Marks'
'783','Inaya Portillo','Rihanna Lacey','Randall Spooner'
'784','Rohit Franklin','Kodi Travers','Arwa Pearson'
'785','Rajveer Stewart','Nansi Whitaker','Inaya Portillo'
'786','Nansi Whitaker','Kodi Travers','Elize Oliver'
'787','Nuala Chester','Rihanna Lacey','Luke Deacon'
'788','Addison Jensen','Arwa Pearson','Ebrahim Marks'
'789','Kodi Travers','Randall Spooner','Luke Deacon'
'790','Addison Jensen','Halimah Vance','Elize Oliver'
'791','Myla Lu','Inaya Portillo','Inaya Portillo'
'792','Safia Dunn','Myla Lu','Ebrahim Marks'
'793','Opal Duffy','Rajveer Stewart','Rohit Franklin'
'794','Myla Lu','Halimah Vance','Arwa Pearson'
'795','Nuala Chester','Safia Dunn','Kodi Travers'
'796','Elize Oliver','Halimah Vance','Randall Spooner'
'797','Halimah Vance','Nuala Chester','Nansi Whitaker'
'798','Rajveer Stewart','Opal Duffy','Arwa Pearson'
'799','Bogdan Neale','Kodi Travers','Kodi Travers'
'800','Arwa Pearson','Arwa Pearson','Kodi Travers'
'801','Inaya Portillo','Arwa Pearson','Rihanna Lacey'
'802','Ebrahim Marks','Nansi Whitaker','Marius Gay'
'803','Halimah Vance','Luke Deacon','Rihanna Lacey'
'804','Safia Dunn','Luke Deacon','Bogdan Neale'
'805','Opal Duffy','Ebrahim Marks','Randall Spooner'
'806','Opal Duffy','Bogdan Neale','Marius Gay'
'807','Halimah Vance','Halimah Vance','Marius Gay'
'808','Rajveer Stewart','Sia Hughes','Nuala Chester'
'809','Rohit Franklin','Nansi Whitaker','Opal Duffy'
'810','Arwa Pearson','Ebrahim Marks','Myla Lu'
'811','Inaya Portillo','Opal Duffy','Myla Lu'
'812','Ebrahim Marks','Arwa Pearson','Arwa Pearson'
'813','Arwa Pearson','Kodi Travers','Nansi Whitaker'
'814','Nuala Chester','Sia Hughes','Ebrahim Marks'
'815','Rajveer Stewart','Kodi Travers','Bogdan Neale'
'816','Rohit Franklin','Randall Spooner','Arwa Pearson'
'817','Addison Jensen','Safia Dunn','Nansi Whitaker'
'818','Marius Gay','Randall Spooner','Inaya Portillo'
'819','Randall Spooner','Halimah Vance','Inaya Portillo'
'820','Bogdan Neale','Bogdan Neale','Opal Duffy'
'821','Halimah Vance','Elize Oliver','Randall Spooner'
'822','Rihanna Lacey','Rajveer Stewart','Opal Duffy'
'823','Randall Spooner','Kodi Travers','Inaya Portillo'
'824','Bogdan Neale','Marius Gay','Ebrahim Marks'
'825','Inaya Portillo','Bogdan Neale','Sia Hughes'
'826','Nuala Chester','Rihanna Lacey','Myla Lu'
'827','Luke Deacon','Luke Deacon','Bogdan Neale'
'828','Myla Lu','Rihanna Lacey','Kodi Travers'
'829','Elize Oliver','Ebrahim Marks','Addison Jensen'
'830','Halimah Vance','Nuala Chester','Kodi Travers'
'831','Bogdan Neale','Arwa Pearson','Nansi Whitaker'
'832','Inaya Portillo','Rihanna Lacey','Rajveer Stewart'
'833','Kodi Travers','Kodi Travers','Nuala Chester'
'834','Rohit Franklin','Nuala Chester','Halimah Vance'
'835','Halimah Vance','Elize Oliver','Rihanna Lacey'
'836','Rihanna Lacey','Kodi Travers','Rihanna Lacey'
'837','Sia Hughes','Rihanna Lacey','Ebrahim Marks'
'838','Randall Spooner','Rohit Franklin','Rohit Franklin'
'839','Myla Lu','Nansi Whitaker','Sia Hughes'
'840','Safia Dunn','Rohit Franklin','Kodi Travers'
'841','Rohit Franklin','Kodi Travers','Inaya Portillo'
'842','Inaya Portillo','Marius Gay','Marius Gay'
'843','Elize Oliver','Nansi Whitaker','Marius Gay'
'844','Arwa Pearson','Halimah Vance','Rihanna Lacey'
'845','Rajveer Stewart','Myla Lu','Rihanna Lacey'
'846','Marius Gay','Myla Lu','Safia Dunn'
'847','Kodi Travers','Inaya Portillo','Elize Oliver'
'848','Luke Deacon','Safia Dunn','Arwa Pearson'
'849','Kodi Travers','Safia Dunn','Sia Hughes'
'850','Nansi Whitaker','Sia Hughes','Nuala Chester'
'851','Luke Deacon','Randall Spooner','Ebrahim Marks'
'852','Inaya Portillo','Marius Gay','Bogdan Neale'
'853','Elize Oliver','Luke Deacon','Ebrahim Marks'
'854','Inaya Portillo','Luke Deacon','Arwa Pearson'
'855','Opal Duffy','Inaya Portillo','Elize Oliver'
'856','Elize Oliver','Elize Oliver','Bogdan Neale'
'857','Rohit Franklin','Sia Hughes','Rohit Franklin'
'858','Safia Dunn','Ebrahim Marks','Inaya Portillo'
'859','Rohit Franklin','Kodi Travers','Randall Spooner'
'860','Luke Deacon','Inaya Portillo','Rihanna Lacey'
'861','Rihanna Lacey','Randall Spooner','Opal Duffy'
'862','Inaya Portillo','Luke Deacon','Addison Jensen'
'863','Myla Lu','Addison Jensen','Rihanna Lacey'
'864','Luke Deacon','Arwa Pearson','Opal Duffy'
'865','Ebrahim Marks','Addison Jensen','Marius Gay'
'866','Rihanna Lacey','Rajveer Stewart','Halimah Vance'
'867','Myla Lu','Inaya Portillo','Bogdan Neale'
'868','Myla Lu','Rohit Franklin','Rihanna Lacey'
'869','Kodi Travers','Elize Oliver','Opal Duffy'
'870','Sia Hughes','Kodi Travers','Sia Hughes'
'871','Myla Lu','Randall Spooner','Addison Jensen'
'872','Marius Gay','Marius Gay','Luke Deacon'
'873','Marius Gay','Ebrahim Marks','Safia Dunn'
'874','Halimah Vance','Rajveer Stewart','Addison Jensen'
'875','Safia Dunn','Arwa Pearson','Opal Duffy'
'876','Luke Deacon','Kodi Travers','Addison Jensen'
'877','Arwa Pearson','Nuala Chester','Rajveer Stewart'
'878','Luke Deacon','Opal Duffy','Arwa Pearson'
'879','Rajveer Stewart','Rohit Franklin','Arwa Pearson'
'880','Arwa Pearson','Arwa Pearson','Rohit Franklin'
'881','Randall Spooner','Inaya Portillo','Addison Jensen'
'882','Nansi Whitaker','Inaya Portillo','Sia Hughes'
'883','Rohit Franklin','Halimah Vance','Myla Lu'
'884','Rohit Franklin','Rohit Franklin','Addison Jensen'
'885','Safia Dunn','Safia Dunn','Ebrahim Marks'
'886','Arwa Pearson','Kodi Travers','Rihanna Lacey'
'887','Rihanna Lacey','Inaya Portillo','Rihanna Lacey'
'888','Halimah Vance','Bogdan Neale','Inaya Portillo'
'889','Rajveer Stewart','Nansi Whitaker','Inaya Portillo'
'890','Nansi Whitaker','Inaya Portillo','Rohit Franklin'
'891','Marius Gay','Opal Duffy','Bogdan Neale'
'892','Inaya Portillo','Opal Duffy','Sia Hughes'
'893','Elize Oliver','Ebrahim Marks','Elize Oliver'
'894','Nansi Whitaker','Kodi Travers','Inaya Portillo'
'895','Ebrahim Marks','Inaya Portillo','Arwa Pearson'
'896','Rajveer Stewart','Inaya Portillo','Nuala Chester'
'897','Addison Jensen','Bogdan Neale','Marius Gay'
'898','Ebrahim Marks','Arwa Pearson','Inaya Portillo'
'899','Bogdan Neale','Luke Deacon','Safia Dunn'
'900','Opal Duffy','Arwa Pearson','Bogdan Neale'
'901','Safia Dunn','Arwa Pearson','Rohit Franklin'
'902','Rajveer Stewart','Kodi Travers','Halimah Vance'
'903','Inaya Portillo','Rajveer Stewart','Rohit Franklin'
'904','Rohit Franklin','Rihanna Lacey','Safia Dunn'
'905','Nansi Whitaker','Kodi Travers','Kodi Travers'
'906','Sia Hughes','Rajveer Stewart','Sia Hughes'
'907','Nansi Whitaker','Addison Jensen','Opal Duffy'
'908','Arwa Pearson','Luke Deacon','Opal Duffy'
'909','Nansi Whitaker','Rohit Franklin','Inaya Portillo'
'910','Nuala Chester','Sia Hughes','Inaya Portillo'
'911','Inaya Portillo','Rihanna Lacey','Nuala Chester'
'912','Arwa Pearson','Safia Dunn','Nansi Whitaker'
'913','Randall Spooner','Safia Dunn','Inaya Portillo'
'914','Ebrahim Marks','Ebrahim Marks','Arwa Pearson'
'915','Addison Jensen','Safia Dunn','Myla Lu'
'916','Kodi Travers','Randall Spooner','Kodi Travers'
'917','Rajveer Stewart','Randall Spooner','Inaya Portillo'
'918','Rajveer Stewart','Nansi Whitaker','Arwa Pearson'
'919','Safia Dunn','Arwa Pearson','Rajveer Stewart'
'920','Luke Deacon','Myla Lu','Rohit Franklin'
'921','Addison Jensen','Marius Gay','Rihanna Lacey'
'922','Inaya Portillo','Sia Hughes','Inaya Portillo'
'923','Luke Deacon','Myla Lu','Opal Duffy'
'924','Rihanna Lacey','Kodi Travers','Inaya Portillo'
'925','Opal Duffy','Nuala Chester','Myla Lu'
'926','Ebrahim Marks','Rohit Franklin','Marius Gay'
'927','Opal Duffy','Opal Duffy','Elize Oliver'
'928','Rihanna Lacey','Luke Deacon','Kodi Travers'
'929','Myla Lu','Addison Jensen','Inaya Portillo'
'930','Inaya Portillo','Elize Oliver','Inaya Portillo'
'931','Myla Lu','Arwa Pearson','Luke Deacon'
'932','Inaya Portillo','Marius Gay','Kodi Travers'
'933','Inaya Portillo','Sia Hughes','Nansi Whitaker'
'934','Randall Spooner','Luke Deacon','Marius Gay'
'935','Marius Gay','Opal Duffy','Nansi Whitaker'
'936','Rajveer Stewart','Elize Oliver','Opal Duffy'
'937','Elize Oliver','Marius Gay','Sia Hughes'
'938','Luke Deacon','Rajveer Stewart','Inaya Portillo'
'939','Elize Oliver','Halimah Vance','Randall Spooner'
'940','Elize Oliver','Kodi Travers','Elize Oliver'
'941','Addison Jensen','Randall Spooner','Elize Oliver'
'942','Rohit Franklin','Nansi Whitaker','Halimah Vance'
'943','Rihanna Lacey','Addison Jensen','Ebrahim Marks'
'944','Kodi Travers','Bogdan Neale','Inaya Portillo'
'945','Nansi Whitaker','Nuala Chester','Myla Lu'
'946','Arwa Pearson','Randall Spooner','Rohit Franklin'
'947','Nuala Chester','Rihanna Lacey','Elize Oliver'
'948','Sia Hughes','Nuala Chester','Opal Duffy'
'949','Rohit Franklin','Opal Duffy','Opal Duffy'
'950','Arwa Pearson','Sia Hughes','Rohit Franklin'
'951','Rajveer Stewart','Randall Spooner','Randall Spooner'
'952','Bogdan Neale','Luke Deacon','Sia Hughes'
'953','Myla Lu','Nuala Chester','Randall Spooner'
'954','Rihanna Lacey','Rihanna Lacey','Addison Jensen'
'955','Rohit Franklin','Rohit Franklin','Nansi Whitaker'
'956','Sia Hughes','Myla Lu','Marius Gay'
'957','Ebrahim Marks','Luke Deacon','Marius Gay'
'958','Ebrahim Marks','Myla Lu','Sia Hughes'
'959','Elize Oliver','Rihanna Lacey','Kodi Travers'
'960','Sia Hughes','Marius Gay','Elize Oliver'
'961','Opal Duffy','Marius Gay','Addison Jensen'
'962','Kodi Travers','Rihanna Lacey','Arwa Pearson'
'963','Addison Jensen','Safia Dunn','Nansi Whitaker'
'964','Randall Spooner','Ebrahim Marks','Rohit Franklin'
'965','Safia Dunn','Rohit Franklin','Kodi Travers'
'966','Randall Spooner','Ebrahim Marks','Opal Duffy'
'967','Myla Lu','Luke Deacon','Myla Lu'
'968','Rohit Franklin','Rihanna Lacey','Randall Spooner'
'969','Marius Gay','Nansi Whitaker','Marius Gay'
'970','Sia Hughes','Opal Duffy','Rajveer Stewart'
'971','Bogdan Neale','Inaya Portillo','Randall Spooner'
'972','Randall Spooner','Nuala Chester','Halimah Vance'
'973','Opal Duffy','Elize Oliver','Inaya Portillo'
'974','Nuala Chester','Luke Deacon','Safia Dunn'
'975','Addison Jensen','Ebrahim Marks','Kodi Travers'
'976','Rajveer Stewart','Ebrahim Marks','Addison Jensen'
'977','Opal Duffy','Inaya Portillo','Halimah Vance'
'978','Halimah Vance','Opal Duffy','Elize Oliver'
'979','Rohit Franklin','Elize Oliver','Sia Hughes'
'980','Luke Deacon','Halimah Vance','Safia Dunn'
'981','Bogdan Neale','Sia Hughes','Opal Duffy'
'982','Nuala Chester','Nuala Chester','Bogdan Neale'
'983','Opal Duffy','Marius Gay','Marius Gay'
'984','Myla Lu','Rohit Franklin','Arwa Pearson'
'985','Inaya Portillo','Sia Hughes','Myla Lu'
'986','Rihanna Lacey','Inaya Portillo','Sia Hughes'
'987','Luke Deacon','Randall Spooner','Kodi Travers'
'988','Rohit Franklin','Opal Duffy','Rohit Franklin'
'989','Nuala Chester','Myla Lu','Bogdan Neale'
'990','Addison Jensen','Bogdan Neale','Halimah Vance'
'991','Kodi Travers','Safia Dunn','Nuala Chester'
'992','Rajveer Stewart','Safia Dunn','Sia Hughes'
'993','Sia Hughes','Sia Hughes','Rajveer Stewart'
'994','Rihanna Lacey','Luke Deacon','Rihanna Lacey'
'995','Rihanna Lacey','Safia Dunn','Arwa Pearson'
'996','Randall Spooner','Elize Oliver','Sia Hughes'
'997','Safia Dunn','Opal Duffy','Rajveer Stewart'
'998','Myla Lu','Sia Hughes','Rihanna Lacey'
'999','Marius Gay','Nansi Whitaker','Arwa Pearson'
'1000','Randall Spooner','Safia Dunn','Marius Gay'
